{
    "name": "animatedscrolljs",
    "title": "AnimatedScroll.js",
    "description": "Smooth, animated document scroll to a specific element, supporting native jQuery UI easings.",
    "keywords": [
        "ui",
        "animation",
        "scroll"
    ],
    "version": "1.1.5",
    "author": {
        "name": "Yevhen Tiurin",
        "email" : "yevhentiurin@gmail.com",
        "url": "https://github.com/yevhentiurin"
    },
    "maintainers": [ 
        {
            "name": "Mikhail Semakhin",
            "email": "mike.semakhin@gmail.com",
            "url": "https://github.com/ja-maika"
        },
        {
            "name": "Carlo Alberto Ferraris",
            "email": "cafxx@cafxx.strayorange.com",
            "url": "http://cafxx.strayorange.com"
        }
    ],
    "licenses": [
    {
        "type": "LGPLv3",
        "url": "http://www.gnu.org/licenses/lgpl.txt"
    }
    ],
    "bugs": "https://github.com/yevhentiurin/animatedscrolljs/issues",
    "homepage": "https://github.com/yevhentiurin/animatedscrolljs",
    "demo": "http://yevhentiurin.github.io/animatedscrolljs/",
    "download": "https://raw.github.com/yevhentiurin/animatedscrolljs/master/releases/jquery.animatedscroll-1.1.5.min.js",
    "dependencies": {
        "jquery": ">=1.3"
    }
}